timestamp,git_commit,scene_name,image_width,image_height,samples_per_pixel,trial_number,render_time_seconds,total_rays,rays_per_second
2026-07-15 21:25:05,b935f3e,book1_final,400,225,100,1,60.702159,24354943,401220.37
2026-07-15 21:25:05,b935f3e,book1_final,400,225,100,2,60.596597,24357273,401957.77
2026-07-15 21:25:05,b935f3e,book1_final,400,225,100,3,60.502795,24357453,402583.93
2026-07-15 21:25:05,b935f3e,book1_final,400,225,100,4,60.489850,24351665,402574.40
2026-07-15 21:25:05,b935f3e,book1_final,400,225,100,5,60.477275,24356734,402741.93
2026-07-16 18:38:21,b935f3e,book1_final,1200,675,200,1,1080.338961,438432451,405828.60
2026-07-16 18:38:21,b935f3e,book1_final,1200,675,200,2,1083.485729,438421520,404639.87
2026-07-16 18:38:21,b935f3e,book1_final,1200,675,200,3,1084.870715,438417341,404119.44
2026-07-16 20:06:34,2dd8aac,book1_final,1200,675,200,1,228.372105,438432303,1919815.49
2026-07-16 20:06:34,2dd8aac,book1_final,1200,675,200,2,228.340512,438421520,1920033.89
2026-07-16 20:06:34,2dd8aac,book1_final,1200,675,200,3,228.418797,438417341,1919357.54
